City_ID,City,Lat,Lng,Max Temp,Humidity,Cloudiness,Wind Speed,Country,Date
0,victoria,22.2855,114.1577,14.46,68,50,5.36,HK,1670270818
1,hermanus,-34.4187,19.2345,14.33,64,100,1.42,ZA,1670270813
2,guerrero negro,27.9769,-114.0611,20.14,63,9,6.74,MX,1670270982
3,vitim,59.4511,112.5578,-12.18,94,100,5.78,RU,1670271381
4,requena,39.4883,-1.1004,9.33,95,100,1.49,ES,1670271381
5,shache,38.4167,77.2406,-5.73,40,0,1.16,CN,1670270961
6,kapaa,22.0752,-159.319,25.61,84,75,1.54,US,1670270720
7,tasiilaq,65.6145,-37.6368,-2.91,62,43,3.09,GL,1670270963
8,puerto ayora,-0.7393,-90.3518,24.98,87,64,2.68,EC,1670270867
9,mataura,-46.1927,168.8643,10.27,99,100,1.16,NZ,1670270824
10,rikitea,-23.1203,-134.9692,24.15,81,99,6.37,PF,1670270814
11,albany,42.6001,-73.9662,6.88,46,100,3.13,US,1670270839
12,east london,-33.0153,27.9116,16.34,83,4,4.34,ZA,1670270912
13,yellowknife,62.456,-114.3525,-30.25,67,83,4.47,CA,1670270842
14,port alfred,-33.5906,26.891,15.1,93,0,0.89,ZA,1670270818
15,shimoda,34.6667,138.95,7.84,90,100,6.1,JP,1670270827
16,rocha,-34.4833,-54.3333,27.36,38,0,5.22,UY,1670271384
17,south lake tahoe,38.9332,-119.9844,3.16,91,75,3.09,US,1670271385
18,namatanai,-3.6667,152.4333,26.13,81,100,0.95,PG,1670271042
19,hilo,19.7297,-155.09,27.93,79,54,2.68,US,1670270637
20,atuona,-9.8,-139.0333,25.25,75,92,7.37,PF,1670270803
21,klaksvik,62.2266,-6.589,4.51,66,95,11.94,FO,1670270844
22,la sarre,48.8002,-79.1996,-3.97,93,100,0.71,CA,1670271386
23,bauchi,10.5,10.0,20.51,20,4,1.58,NG,1670271387
24,henties bay,-22.116,14.2845,14.88,86,0,4.49,NA,1670270938
25,lagoa,39.05,-27.9833,16.32,67,100,3.33,PT,1670270904
26,saint-pierre,-21.3393,55.4781,24.82,65,0,4.63,RE,1670271243
27,kodiak,57.79,-152.4072,3.73,93,100,4.63,US,1670270919
28,lebu,-37.6167,-73.65,17.42,68,2,2.96,CL,1670270868
29,tahta,26.7693,31.5021,17.24,50,0,5.07,EG,1670271388
30,saint george,37.1041,-113.5841,13.02,59,40,1.54,US,1670270830
31,faya,18.3851,42.4509,12.29,82,3,1.5,SA,1670270822
32,torbay,47.6666,-52.7314,4.59,95,100,0.45,CA,1670270749
33,butaritari,3.0707,172.7902,27.14,80,100,6.97,KI,1670270821
34,januaria,-15.4833,-44.3667,23.52,90,100,2.84,BR,1670271350
35,jamestown,42.097,-79.2353,7.8,31,0,4.63,US,1670270825
36,kununurra,-15.7667,128.7333,26.99,89,56,1.03,AU,1670270932
37,severo-kurilsk,50.6789,156.125,-4.81,71,100,11.5,RU,1670270861
38,roma,43.2128,-75.4557,7.75,33,0,2.06,US,1670271391
39,busselton,-33.65,115.3333,13.63,76,1,5.76,AU,1670270649
40,paracatu,-17.2222,-46.8747,24.61,77,100,2.19,BR,1670271391
41,geraldton,-28.7667,114.6,21.23,78,100,6.69,AU,1670270719
42,makubetsu,45.3714,141.8211,-1.43,61,98,10.6,JP,1670271392
43,rabo de peixe,37.8,-25.5833,16.73,100,20,6.17,PT,1670271393
44,monrovia,6.3005,-10.7969,26.04,83,100,1.89,LR,1670271349
45,nikolskoye,59.7035,30.7861,-5.05,94,100,2.83,RU,1670270916
46,gorom-gorom,14.4439,-0.2361,30.33,17,100,4.35,BF,1670271394
47,tezu,27.9167,96.1667,16.18,37,1,1.96,IN,1670271394
48,airai,-8.9266,125.4092,14.87,71,86,0.65,TL,1670270869
49,khatanga,71.9667,102.5,-33.15,100,14,1.88,RU,1670270906
50,hovd,48.0056,91.6419,-16.73,81,6,1.38,MN,1670271030
51,lima,-12.0432,-77.0282,20.14,64,75,5.14,PE,1670270981
52,pacific grove,36.6177,-121.9166,14.9,81,0,6.26,US,1670270872
53,los llanos de aridane,28.6585,-17.9182,17.86,88,40,3.09,ES,1670270952
54,vaini,-21.2,-175.2,27.09,83,75,4.12,TO,1670270820
55,camrose,53.0168,-112.8353,-13.37,72,100,1.7,CA,1670271396
56,ushuaia,-54.8,-68.3,9.79,49,40,10.29,AR,1670270805
57,lilongwe,-13.9669,33.7873,22.85,67,69,0.76,MW,1670271397
58,souillac,-20.5167,57.5167,25.21,78,40,4.63,MU,1670270872
59,talnakh,69.4865,88.3972,-4.71,96,100,5.9,RU,1670270849
60,necochea,-38.5473,-58.7368,34.32,27,4,5.92,AR,1670271013
61,sao jose da coroa grande,-8.8978,-35.1478,25.55,83,43,5.4,BR,1670271398
62,ribeira grande,38.5167,-28.7,17.22,72,40,8.75,PT,1670270796
63,hvolsvollur,63.7533,-20.2243,0.21,63,1,1.8,IS,1670271399
64,arraial do cabo,-22.9661,-42.0278,24.92,73,40,5.66,BR,1670270768
65,tura,25.5198,90.2201,15.89,85,0,1.38,IN,1670270825
66,georgetown,5.4112,100.3354,27.35,85,20,0.0,MY,1670270886
67,tucuman,-26.8241,-65.2226,38.0,20,20,6.17,AR,1670271400
68,chicama,-7.8447,-79.1469,21.3,59,7,4.76,PE,1670271401
69,bluff,-46.6,168.3333,10.45,78,87,3.39,NZ,1670270834
70,dve mogili,43.6,25.8667,5.38,87,100,1.64,BG,1670271401
71,sirawai,7.5854,122.1407,25.68,89,77,1.65,PH,1670271402
72,port elizabeth,-33.918,25.5701,16.29,93,3,1.34,ZA,1670270605
73,udachnyy,66.4167,112.4,-23.64,76,100,5.65,RU,1670271403
74,provideniya,64.3833,-173.3,1.06,75,100,13.0,RU,1670270914
75,nemuro,43.3236,145.575,-1.96,56,0,5.89,JP,1670270993
76,cabo san lucas,22.8909,-109.9124,29.78,61,20,4.12,MX,1670270601
77,port hedland,-20.3167,118.5667,26.03,73,84,5.14,AU,1670271040
78,san patricio,28.017,-97.5169,27.26,57,65,6.67,US,1670271057
79,cascais,38.6979,-9.4215,15.84,95,20,2.24,PT,1670270811
80,inhambane,-23.865,35.3833,25.62,88,100,5.88,MZ,1670271404
81,cherskiy,68.75,161.3,-26.78,89,100,2.54,RU,1670270862
82,tommot,58.9564,126.2925,-21.75,94,100,3.41,RU,1670271014
83,barrow,71.2906,-156.7887,-0.99,86,100,10.29,US,1670270914
84,chiredzi,-21.05,31.6667,28.11,39,4,4.74,ZW,1670271405
85,matara,5.9485,80.5353,24.08,88,100,0.87,LK,1670270829
86,soyo,-6.1349,12.3689,26.01,87,100,3.55,AO,1670270920
87,bengkulu,-3.8004,102.2655,23.36,91,100,1.36,ID,1670270843
88,acarau,-2.8856,-40.12,27.79,71,7,9.19,BR,1670271406
89,mogadishu,2.0371,45.3438,27.01,77,20,7.31,SO,1670271407
90,longyearbyen,78.2186,15.6401,-13.09,66,40,11.83,SJ,1670270876
91,saskylakh,71.9167,114.0833,-25.57,93,100,7.67,RU,1670270830
92,batticaloa,7.7102,81.6924,24.79,86,96,3.26,LK,1670271408
93,mar del plata,-38.0023,-57.5575,33.79,82,0,9.39,AR,1670270834
94,khuzhir,53.1939,107.3397,-6.97,71,100,11.17,RU,1670271409
95,petropavlovsk-kamchatskiy,53.0452,158.6483,-17.67,66,20,3.0,RU,1670271133
96,sao joao da barra,-21.6403,-41.0511,26.05,82,77,8.85,BR,1670271037
97,esperance,-33.8667,121.9,15.66,83,100,1.63,AU,1670270876
98,tiksi,71.6872,128.8694,-25.32,97,100,5.06,RU,1670270863
99,qaanaaq,77.484,-69.3632,-0.4,85,100,6.1,GL,1670270921
100,mahebourg,-20.4081,57.7,25.16,78,40,4.63,MU,1670270929
101,laguna,38.421,-121.4238,15.16,73,75,4.63,US,1670270833
102,new norfolk,-42.7826,147.0587,12.18,69,85,0.89,AU,1670270938
103,dikson,73.5069,80.5464,-4.26,96,100,6.37,RU,1670270839
104,ostrovnoy,68.0531,39.5131,-7.17,90,43,9.79,RU,1670270880
105,miri,4.4148,114.0089,25.65,94,40,1.54,MY,1670271411
106,teahupoo,-17.8333,-149.2667,25.98,80,70,7.34,PF,1670271296
107,kissidougou,9.1848,-10.0999,23.58,77,100,1.63,GN,1670271157
108,fortuna,40.5982,-124.1573,12.18,84,100,3.6,US,1670270911
109,provins,48.5833,3.1667,2.2,85,100,1.34,FR,1670271412
110,santa isabel do rio negro,-0.4139,-65.0192,28.62,71,98,0.91,BR,1670271413
111,praia da vitoria,38.7333,-27.0667,15.98,91,91,4.21,PT,1670270959
112,harindanga,22.0383,88.3214,18.5,40,3,3.59,IN,1670270947
113,amapa,1.0,-52.0,24.31,86,100,0.72,BR,1670270820
114,roura,4.7263,-52.3274,27.95,74,58,4.12,GF,1670271414
115,hobart,-42.8794,147.3294,12.37,68,75,5.66,AU,1670271304
116,road town,18.4167,-64.6167,27.05,74,40,5.14,VG,1670270890
117,kahului,20.8947,-156.47,27.01,64,0,4.12,US,1670270702
118,kaitangata,-46.2817,169.8464,8.02,94,100,3.15,NZ,1670270834
119,smithers,54.7804,-127.1743,-8.35,88,58,0.75,CA,1670270983
120,punta arenas,-53.15,-70.9167,10.06,43,75,9.26,CL,1670271290
121,hay river,60.8156,-115.7999,-27.79,96,100,4.74,CA,1670270922
122,jumla,29.2747,82.1838,3.6,25,0,2.44,NP,1670271064
123,ponta do sol,32.6667,-17.1,19.28,75,99,2.02,PT,1670270942
124,mount isa,-20.7333,139.5,17.87,59,0,0.51,AU,1670270897
125,timmins,48.4669,-81.3331,-2.79,84,100,0.99,CA,1670271163
126,walvis bay,-22.9575,14.5053,15.61,74,0,7.69,NA,1670270953
127,kavieng,-2.5744,150.7967,26.88,79,99,2.2,PG,1670270865
128,mudgee,-32.5943,149.5871,15.44,77,16,1.22,AU,1670271417
129,kollam,8.8833,76.6,25.48,78,100,2.69,IN,1670271418
130,wanxian,30.8039,108.3897,8.47,77,99,1.22,CN,1670271418
131,vila velha,-20.3297,-40.2925,25.97,80,20,6.17,BR,1670270819
132,ilulissat,69.2167,-51.1,4.01,48,75,2.57,GL,1670270981
133,xai-xai,-25.0519,33.6442,23.07,90,100,8.66,MZ,1670271419
134,shelburne,44.0787,-80.2041,3.96,53,100,6.69,CA,1670271152
135,sesheke,-17.4759,24.2968,27.36,34,86,2.74,ZM,1670271420
136,laguna de perlas,12.3429,-83.6712,24.05,72,9,5.4,NI,1670271420
137,port hardy,50.6996,-127.4199,1.1,100,100,2.06,CA,1670271011
138,santa rosa,14.3122,121.1114,26.17,92,99,3.05,PH,1670271049
139,sur,22.5667,59.5289,23.06,62,0,1.24,OM,1670271031
140,isangel,-19.55,169.2667,27.83,74,44,1.63,VU,1670271026
141,cape town,-33.9258,18.4232,17.97,64,85,3.13,ZA,1670270878
142,kavaratti,10.5669,72.642,27.72,73,31,1.39,IN,1670270898
143,vardo,70.3705,31.1107,-3.01,80,100,5.66,NO,1670271422
144,dombarovskiy,50.7587,59.5386,-14.27,95,95,3.51,RU,1670271423
145,sitka,57.0531,-135.33,4.94,75,100,3.09,US,1670270997
146,qui nhon,13.7667,109.2333,25.06,88,100,8.97,VN,1670271423
147,chokurdakh,70.6333,147.9167,-36.98,98,47,3.69,RU,1670270891
148,ha giang,22.8333,104.9833,15.21,90,91,0.26,VN,1670271424
149,tuburan,6.6439,122.2736,27.28,78,100,1.13,PH,1670271425
150,vostok,46.4856,135.8833,-21.77,98,49,2.63,RU,1670271041
151,carnarvon,-24.8667,113.6333,20.55,77,58,7.46,AU,1670270828
152,bud,39.447,-86.1758,7.64,64,100,2.96,US,1670271426
153,burdur,37.7203,30.2908,3.39,93,0,1.54,TR,1670271426
154,castro,-24.7911,-50.0119,23.54,78,58,2.86,BR,1670271427
155,snasa,64.2457,12.3778,2.67,97,98,3.64,NO,1670271427
156,royan,45.6285,-1.0281,3.79,82,28,4.86,FR,1670271383
157,dingle,10.9995,122.6711,23.33,93,45,3.35,PH,1670270889
158,taoudenni,22.6783,-3.9836,27.93,15,29,0.85,ML,1670270869
159,puerto escondido,15.85,-97.0667,30.46,54,0,3.09,MX,1670270929
160,yeppoon,-23.1333,150.7333,20.88,82,0,1.6,AU,1670271429
161,thompson,55.7435,-97.8558,-24.25,86,50,3.44,CA,1670270727
162,olafsvik,64.8945,-23.7142,4.25,78,21,2.26,IS,1670270960
163,auki,-8.7676,160.7034,25.61,84,97,1.75,SB,1670271087
164,la baneza,42.3003,-5.8977,6.89,92,100,2.06,ES,1670271430
165,fairfield,41.2668,-73.3162,8.43,47,0,4.12,US,1670271378
166,duiwelskloof,-23.6934,30.14,20.09,84,100,2.34,ZA,1670271431
167,anadyr,64.75,177.4833,-2.72,92,100,18.0,RU,1670271025
168,cidreira,-30.1811,-50.2056,23.03,84,95,4.79,BR,1670271432
169,lac-megantic,45.5834,-70.8823,3.09,56,57,3.37,CA,1670271432
170,cauquenes,-35.9671,-72.3225,28.36,17,0,7.75,CL,1670271433
171,san cristobal,7.7669,-72.225,23.68,72,68,1.65,VE,1670270954
172,kamogawa,35.1,140.1,6.19,93,100,7.04,JP,1670271434
173,tanete,-3.9443,119.7848,23.08,95,100,0.91,ID,1670271434
174,los andes,-32.8337,-70.5983,31.12,23,4,4.99,CL,1670271435
175,kysyl-syr,63.8986,122.7617,-25.26,98,100,1.85,RU,1670270860
176,paris,48.8534,2.3488,3.76,91,100,2.06,FR,1670270823
177,moron,-34.6534,-58.6198,36.64,44,0,4.6,AR,1670271210
178,gao,16.6362,1.637,28.16,17,92,4.62,ML,1670271436
179,hithadhoo,-0.6,73.0833,27.43,76,100,3.56,MV,1670270826
180,jaguaruna,-28.615,-49.0256,23.01,95,99,3.83,BR,1670271347
181,avarua,-21.2078,-159.775,23.03,94,20,2.57,CK,1670270857
182,evensk,61.95,159.2333,-14.48,92,100,3.34,RU,1670271139
183,bethel,41.3712,-73.414,8.34,43,0,4.12,US,1670270847
184,comodoro rivadavia,-45.8667,-67.5,23.92,29,0,11.83,AR,1670270862
185,stefanesti,44.8667,24.9333,4.15,96,100,1.51,RO,1670271437
186,kyshtovka,56.555,76.6271,-22.2,100,92,1.45,RU,1670271438
187,storm lake,42.6411,-95.2097,0.12,64,40,7.72,US,1670271439
188,cutro,39.0353,16.9819,11.47,82,60,1.85,IT,1670271439
189,saldanha,-33.0117,17.9442,16.56,76,99,6.35,ZA,1670270890
190,rach gia,10.0167,105.0833,24.43,93,100,4.08,VN,1670271440
191,chaupal,30.95,77.5833,3.07,46,47,1.84,IN,1670271440
192,camargo,27.6667,-105.1667,27.86,23,71,4.36,MX,1670271441
193,norrtalje,59.758,18.705,1.12,83,72,1.99,SE,1670271442
194,grootfontein,-19.5667,18.1167,25.73,26,6,4.2,NA,1670271442
195,chatham,51.3789,0.5279,7.67,72,97,2.24,GB,1670271443
196,axim,4.8699,-2.2405,26.44,84,50,3.45,GH,1670271002
197,lazaro cardenas,17.9583,-102.2,28.85,66,0,3.68,MX,1670271208
198,mantua,45.1667,10.7833,9.97,91,94,2.24,IT,1670271444
199,moindou,-21.6924,165.677,25.27,87,100,1.96,NC,1670271444
200,clyde river,70.4692,-68.5914,-10.87,100,100,1.03,CA,1670270864
201,leningradskiy,69.3833,178.4167,-26.15,91,4,1.67,RU,1670270862
202,dharchula,29.85,80.5333,10.55,20,0,3.74,IN,1670271445
203,nishihara,26.1842,127.7558,18.6,91,100,11.83,JP,1670271043
204,caravelas,-17.7125,-39.2481,24.56,77,100,3.62,BR,1670271446
205,innisfail,-17.5333,146.0333,21.34,75,0,1.95,AU,1670271341
206,tabuk,17.4189,121.4443,22.57,94,100,1.74,PH,1670271447
207,great falls,47.5002,-111.3008,-4.21,88,0,0.0,US,1670271447
208,bredasdorp,-34.5322,20.0403,15.44,66,100,0.52,ZA,1670271448
209,alwar,27.5667,76.6,14.37,35,0,1.72,IN,1670271449
210,diego de almagro,-26.3667,-70.05,27.55,21,0,6.15,CL,1670271449
211,kinsale,51.7075,-8.5306,5.65,93,75,8.23,IE,1670271450
212,cayenne,4.9333,-52.3333,28.02,74,80,4.12,GF,1670271205
213,copiapo,-27.3667,-70.3333,17.83,34,0,4.52,CL,1670271130
214,bowen,-20.0167,148.2333,24.53,69,0,1.48,AU,1670270932
215,coahuayana,18.7333,-103.6833,31.18,57,0,3.05,MX,1670271175
216,ust-kut,56.7938,105.7672,-12.05,91,100,6.05,RU,1670271451
217,blackfoot,43.1905,-112.345,3.27,87,11,3.73,US,1670271411
218,mitsamiouli,-11.3847,43.2844,26.65,79,13,4.73,KM,1670271452
219,tuktoyaktuk,69.4541,-133.0374,-26.29,78,100,10.08,CA,1670270867
220,pisco,-13.7,-76.2167,21.12,78,20,4.63,PE,1670270876
221,hervey bay,-25.2986,152.8535,21.84,83,1,4.69,AU,1670271453
222,scottsbluff,41.8666,-103.6672,5.62,52,0,4.12,US,1670271454
223,alofi,-19.0595,-169.9187,26.94,89,75,4.12,NU,1670270893
224,basavakalyan,17.8667,76.95,18.25,53,32,3.48,IN,1670271455
225,manono,-7.3,27.4167,19.21,98,100,1.24,CD,1670271455
226,sovetskiy,61.3614,63.5842,-17.2,100,97,1.96,RU,1670271456
227,port lincoln,-34.7333,135.8667,15.02,70,100,5.99,AU,1670270909
228,khandyga,62.6667,135.6,-28.84,99,100,0.65,RU,1670271457
229,tonekabon,36.8163,50.8738,7.97,79,96,1.05,IR,1670271457
230,craig,40.5153,-107.5464,-0.21,93,100,2.06,US,1670271342
231,saint anthony,45.0205,-93.218,-0.61,62,100,5.66,US,1670270851
232,norman wells,65.282,-126.8329,-29.98,76,75,6.17,CA,1670271458
233,fairbanks,64.8378,-147.7164,-9.67,88,75,0.0,US,1670270700
234,lac-au-saumon,48.421,-67.3476,0.58,72,96,6.27,CA,1670271459
235,xining,36.6167,101.7667,-4.1,51,100,1.16,CN,1670270832
236,grand gaube,-20.0064,57.6608,25.22,78,16,4.02,MU,1670271110
237,swellendam,-34.0226,20.4417,16.09,63,100,2.51,ZA,1670271460
238,sibot,45.95,23.3333,5.97,85,98,0.76,RO,1670271461
239,ucluelet,48.9329,-125.5528,4.49,90,100,1.31,CA,1670271461
240,acari,-15.4311,-74.6158,25.11,57,3,4.62,PE,1670271462
241,praia,14.9215,-23.5087,23.3,64,75,4.63,CV,1670270934
242,zemetchino,53.4973,42.6163,-12.14,89,19,1.53,RU,1670271462
243,sarkand,45.41,79.9186,-8.12,95,100,0.25,KZ,1670271032
244,saint-philippe,-21.3585,55.7679,23.77,78,100,5.2,RE,1670271463
245,maumere,-8.6199,122.2111,26.02,80,100,1.68,ID,1670271464
246,sorland,67.667,12.6934,3.92,86,100,18.8,NO,1670271464
247,moa,20.6569,-74.9403,26.13,65,26,6.24,CU,1670271465
248,lisala,2.15,21.5167,20.78,97,100,3.99,CD,1670271465
249,abnub,27.2696,31.1511,16.59,53,0,4.04,EG,1670271466
250,chimbote,-9.0853,-78.5783,21.52,71,10,4.46,PE,1670271045
251,peniche,39.3558,-9.3811,14.05,95,88,2.33,PT,1670271466
252,nalut,30.3333,10.85,18.65,25,31,4.6,LY,1670271068
253,ahipara,-35.1667,173.1667,17.97,76,100,2.44,NZ,1670270934
254,grindavik,63.8424,-22.4338,-1.74,100,20,2.06,IS,1670270938
255,senador jose porfirio,-2.5908,-51.9542,28.12,64,85,1.62,BR,1670271467
256,lavrentiya,65.5833,-171.0,-2.68,90,100,5.39,RU,1670271202
257,jinchang,38.4953,102.1739,-4.16,54,100,1.4,CN,1670271468
258,cartagena,10.3997,-75.5144,28.79,74,40,3.6,CO,1670271265
259,fujin,47.26,132.0322,-14.35,79,9,4.48,CN,1670271469
260,souris,49.6172,-100.2612,-16.26,74,88,4.63,CA,1670271469
261,lakes entrance,-37.8811,147.981,12.87,84,100,4.75,AU,1670271470
262,hasaki,35.7333,140.8333,5.12,85,100,11.43,JP,1670271025
263,nehe,48.4833,124.8333,-19.1,89,60,3.84,CN,1670271471
264,kodinsk,58.6881,99.1844,-12.95,90,100,6.28,RU,1670270903
265,dinard,48.6314,-2.0614,3.68,92,75,1.03,FR,1670271472
266,warmbad,-28.45,18.7333,17.86,42,16,8.61,NA,1670271472
267,mount gambier,-37.8333,140.7667,9.01,81,21,1.72,AU,1670270896
268,hastings,50.8552,0.5729,7.21,93,100,5.58,GB,1670271473
269,umm kaddadah,13.6017,26.6876,19.13,21,68,5.41,SD,1670270885
270,te anau,-45.4167,167.7167,9.2,98,100,1.42,NZ,1670271031
271,floro,61.5996,5.0328,3.87,100,75,1.03,NO,1670271473
272,nekrasovskoye,57.6766,40.3657,-10.06,73,0,3.0,RU,1670271474
273,hofn,64.2539,-15.2082,2.55,62,27,3.3,IS,1670270901
274,ulkan,57.243,107.3223,-11.64,89,100,6.32,RU,1670271475
275,krasnyy chikoy,50.3643,108.7512,-15.58,83,100,3.57,RU,1670271475
276,hambantota,6.1241,81.1185,25.05,82,100,1.8,LK,1670271476
277,zhongshu,24.5167,103.7667,7.68,90,100,1.38,CN,1670271476
278,bubaque,11.2833,-15.8333,27.29,69,67,4.2,GW,1670271080
279,mani,4.8172,-72.2886,28.23,66,97,2.34,CO,1670271477
280,kerema,-7.9631,145.7785,24.66,83,90,1.56,PG,1670271477
281,tocopilla,-22.092,-70.1979,21.51,63,22,3.48,CL,1670270906
282,narsaq,60.9167,-46.05,7.12,72,72,4.95,GL,1670270945
283,chapais,49.7834,-74.8492,-4.12,89,100,4.81,CA,1670271478
284,saucillo,28.0167,-105.2833,27.89,24,91,4.86,MX,1670271479
285,krasyukovskaya,47.5522,40.1088,-4.6,58,0,7.0,RU,1670271479
286,istok,42.7808,20.4875,7.43,90,99,0.56,XK,1670271018
287,college,64.8569,-147.8028,-9.68,87,75,0.0,US,1670270937
288,shakiso,5.75,38.9167,16.12,58,92,1.52,ET,1670271480
289,luena,-11.7833,19.9167,16.16,97,69,1.69,AO,1670271145
290,yar-sale,66.8333,70.8333,-16.73,96,16,2.86,RU,1670271481
291,hargeysa,9.56,44.065,14.92,96,14,4.68,SO,1670271481
292,aitape,-3.1374,142.3475,24.63,93,100,1.87,PG,1670271482
293,yaan,7.3833,8.5667,28.4,19,88,1.43,NG,1670271024
294,jining,35.405,116.5814,-0.12,48,0,1.82,CN,1670271482
295,karasjok,69.4719,25.5112,-4.74,92,100,2.56,NO,1670271483
296,paamiut,61.994,-49.6678,3.43,72,100,16.45,GL,1670270825
297,nome,64.5011,-165.4064,-1.96,86,75,5.66,US,1670270798
298,constitucion,-35.3333,-72.4167,19.07,60,7,7.94,CL,1670270841
299,tolmezzo,46.4075,13.0175,8.57,100,100,1.24,IT,1670271484
300,manta,-0.95,-80.7333,25.88,69,20,5.14,EC,1670271484
301,khakhea,-24.6895,23.494,25.19,11,0,6.47,BW,1670271485
302,huilong,31.8111,121.655,6.32,71,5,3.64,CN,1670271486
303,huarmey,-10.0681,-78.1522,21.74,74,20,4.3,PE,1670271486
304,emerald,-23.5333,148.1667,22.99,56,0,2.02,AU,1670271097
305,flinders,-34.5833,150.8552,16.81,92,45,3.39,AU,1670271487
306,bambous virieux,-20.3428,57.7575,25.14,78,40,4.63,MU,1670271001
307,kuzino,57.0224,59.4412,-18.91,100,81,0.82,RU,1670271487
308,roald,62.5833,6.1333,5.97,70,75,4.63,NO,1670271488
309,touros,-5.1989,-35.4608,27.39,67,17,6.0,BR,1670271035
310,balikpapan,-1.2675,116.8289,24.55,94,20,0.0,ID,1670271489
311,okhotsk,59.3833,143.3,-30.38,82,59,3.71,RU,1670271048
312,newport,51.5877,-2.9984,7.06,75,100,7.29,GB,1670271466
313,bitkine,11.9801,18.2138,26.18,18,8,3.78,TD,1670271490
314,riyadh,24.6877,46.7219,22.08,37,81,5.35,SA,1670271055
315,sao filipe,14.8961,-24.4956,22.61,68,33,3.12,CV,1670271491
316,matay,28.419,30.7792,16.96,60,0,6.74,EG,1670271491
317,lar,26.2039,83.9717,14.55,49,0,3.14,IN,1670271492
318,pitimbu,-7.4706,-34.8086,26.33,76,42,6.09,BR,1670270964
319,karla,59.3723,24.9275,-2.16,89,100,3.09,EE,1670271493
320,tianpeng,30.9866,103.9393,8.73,81,100,1.26,CN,1670271493
321,la ronge,55.1001,-105.2842,-22.28,78,100,2.97,CA,1670270987
322,altay,47.8667,88.1167,-12.31,83,100,2.43,CN,1670270950
323,lorengau,-2.0226,147.2712,25.99,80,100,1.52,PG,1670271043
324,kibaya,-5.3,36.5667,17.72,71,100,2.0,TZ,1670271494
325,beni suef,29.0731,31.0979,16.51,61,0,4.8,EG,1670271495
326,amatitan,20.8333,-103.7167,29.63,20,1,0.55,MX,1670271496
327,luang prabang,19.8856,102.1347,20.9,85,73,0.57,LA,1670271496
328,prince rupert,54.3161,-130.3201,1.83,76,0,4.12,CA,1670271485
329,kudahuvadhoo,2.6708,72.8944,26.38,77,100,0.96,MV,1670271079
330,yamada,39.4667,141.95,2.59,59,78,1.26,JP,1670271497
331,port blair,11.6667,92.75,26.02,83,75,2.06,IN,1670271497
332,kilindoni,-7.9139,39.6668,26.91,79,85,6.29,TZ,1670271498
333,chkalovskoye,44.8392,133.0436,-13.27,83,3,3.22,RU,1670271498
334,ust-kuyga,70.0167,135.6,-31.53,100,100,1.66,RU,1670271499
335,ghanzi,-21.5667,21.7833,28.77,19,7,1.51,BW,1670271500
336,ambositra,-20.5167,47.25,16.09,98,100,1.14,MG,1670271500
337,sombrerete,23.6333,-103.65,21.6,26,60,1.18,MX,1670271501
338,tibati,6.4667,12.6333,24.98,23,100,2.62,CM,1670271501
339,praya,14.9215,-23.5087,23.3,64,75,4.63,CV,1670271502
340,kathmandu,27.7167,85.3167,9.12,93,20,1.03,NP,1670271304
341,aykhal,66.0,111.5,-23.79,97,100,5.95,RU,1670271037
342,kruisfontein,-34.0033,24.7314,14.94,87,1,3.66,ZA,1670271503
343,sola,-13.8833,167.55,27.44,71,85,3.62,VU,1670271028
344,tuyen quang,21.8233,105.2181,15.96,81,96,0.54,VN,1670271501
345,coquimbo,-29.9533,-71.3436,18.85,72,75,4.63,CL,1670270695
346,matagami,49.7502,-77.6328,-8.94,79,75,4.63,CA,1670271504
347,sioux lookout,50.1001,-91.917,-16.96,66,75,5.14,CA,1670270940
348,teguldet,57.3064,88.1667,-18.51,96,100,2.69,RU,1670271505
349,soddy-daisy,35.2359,-85.1908,8.95,96,100,1.82,US,1670271222
350,hadishahr,38.8431,45.6635,1.27,75,24,1.63,AZ,1670271506
351,strezhevoy,60.7333,77.5889,-14.45,96,96,3.52,RU,1670271052
352,almaznyy,48.0448,40.045,-7.6,52,0,5.15,RU,1670271507
353,cameron park,38.6688,-120.9872,12.92,88,55,3.13,US,1670271507
354,honningsvag,70.9821,25.9704,3.86,81,75,5.14,NO,1670270833
355,norden,53.6,7.2,4.99,97,100,7.76,DE,1670271508
356,livingstonia,-10.606,34.1063,21.68,56,66,1.28,MW,1670271063
357,nova olinda do norte,-3.8881,-59.0942,29.58,62,93,1.36,BR,1670271509
358,najran,17.4924,44.1277,15.81,36,0,0.41,SA,1670271053
359,hanmer springs,-42.5167,172.8167,15.57,51,66,2.24,NZ,1670271510
360,visby,57.6409,18.296,1.14,100,75,2.06,SE,1670271510
361,coleraine,55.1333,-6.6667,6.95,77,17,4.29,GB,1670271416
362,shetpe,44.1667,52.1167,-6.65,44,0,1.04,KZ,1670271511
363,fare,-16.7,-151.0167,26.3,77,5,8.5,PF,1670271020
364,macamic,48.7502,-78.9996,-4.13,94,100,0.13,CA,1670271512
365,madang,-5.2246,145.7966,24.41,90,100,1.56,PG,1670271513
366,roebourne,-20.7833,117.1333,28.25,40,4,5.66,AU,1670271513
367,linxia,35.6003,103.2064,-2.94,55,85,0.78,CN,1670271513
368,asau,46.4333,26.4,-1.49,99,100,1.42,RO,1670270922
369,aanekoski,62.6946,25.818,-5.64,100,100,4.27,FI,1670271217
370,svetlaya,46.5389,138.3297,-12.6,73,2,4.06,RU,1670271514
371,shuyskoye,59.3736,41.0305,-9.69,90,100,2.55,RU,1670271514
372,ambulu,-8.345,113.6058,23.98,87,100,0.59,ID,1670271515
373,luocheng,29.3848,104.0286,8.92,70,100,1.19,CN,1670271516
374,chuy,-33.6971,-53.4616,24.02,57,0,4.65,UY,1670271516
375,tecoanapa,16.5167,-98.75,29.01,61,1,4.7,MX,1670271517
376,aklavik,68.2191,-135.0107,-25.46,86,100,9.91,CA,1670270860
377,husavik,66.0449,-17.3389,-0.35,80,91,4.36,IS,1670270818
378,kisangani,0.5167,25.2,20.86,99,100,1.14,CD,1670271518
379,nioro,13.35,-15.75,23.87,57,28,2.6,GM,1670271518
380,vangaindrano,-23.35,47.6,22.58,93,70,2.51,MG,1670271519
381,abu dhabi,24.4667,54.3667,25.01,80,0,1.03,AE,1670271025
382,faanui,-16.4833,-151.75,26.39,77,61,7.86,PF,1670270885
383,japura,-0.3167,102.35,22.3,98,100,0.62,ID,1670271078
384,lata,40.1629,-8.3327,12.82,91,100,1.66,PT,1670271520
385,revda,56.801,59.9303,-19.03,100,100,1.02,RU,1670271520
386,causapscal,48.3542,-67.227,0.63,73,95,5.94,CA,1670271521
387,orimattila,60.8049,25.7296,-3.16,97,100,1.82,FI,1670271521
388,mayumba,-3.432,10.6554,25.52,92,100,2.16,GA,1670271522
389,talant,47.3369,5.0089,3.19,100,92,1.54,FR,1670271522
390,eureka,40.8021,-124.1637,12.33,87,22,1.79,US,1670271341
391,puerto madryn,-42.7692,-65.0385,33.53,11,77,14.19,AR,1670271523
392,adelaide,-34.9333,138.6,13.28,64,100,4.02,AU,1670271028
393,kemijarvi,66.7131,27.4306,-0.27,96,100,4.78,FI,1670271524
394,tuatapere,-46.1333,167.6833,8.5,91,100,2.15,NZ,1670271524
395,mackenzie,55.2999,-123.1698,-10.52,86,100,1.15,CA,1670271314
396,tres arroyos,-38.3739,-60.2798,38.88,12,25,8.47,AR,1670271525
397,saint-joseph,-21.3667,55.6167,23.21,77,100,5.27,RE,1670271526
398,orange,33.7,-117.7675,18.81,65,75,4.12,US,1670271243
399,havre-saint-pierre,50.2334,-63.5986,-0.18,68,100,10.28,CA,1670271074
400,srednekolymsk,67.45,153.6833,-41.5,100,100,0.8,RU,1670271060
401,mount pleasant,32.7941,-79.8626,15.56,88,75,3.09,US,1670271319
402,oussouye,12.485,-16.5469,25.95,56,57,3.12,SN,1670271527
403,san quintin,30.4833,-115.95,18.83,71,0,7.6,MX,1670271013
404,quelimane,-17.8786,36.8883,26.54,81,23,3.58,MZ,1670271052
405,batemans bay,-35.7167,150.1833,16.17,90,17,2.16,AU,1670271018
406,riachao,-7.3619,-46.6172,27.13,72,82,1.42,BR,1670271528
407,mattru,7.6244,-11.8332,24.83,89,100,1.31,SL,1670270884
408,lompoc,34.6391,-120.4579,17.51,68,40,4.12,US,1670270994
409,avera,33.194,-82.5271,11.88,95,100,2.81,US,1670271049
410,gladstone,-23.85,151.25,20.99,88,0,2.06,AU,1670271106
411,srandakan,-7.9386,110.2506,24.38,92,100,1.8,ID,1670271529
412,santa cecilia,-26.9608,-50.4269,21.69,85,10,1.65,BR,1670271530
413,vieste,41.8825,16.175,14.98,70,4,3.49,IT,1670271530
414,cururupu,-1.8283,-44.8683,28.0,70,38,3.02,BR,1670271531
415,shamsabad,27.0167,78.1333,14.5,44,0,1.94,IN,1670271531
416,kaitong,44.8135,123.15,-12.08,53,0,6.21,CN,1670271532
417,ekhabi,53.5102,142.9671,-19.54,93,31,4.91,RU,1670271532
418,hinton,53.4001,-117.5857,-12.47,91,100,1.96,CA,1670271533
419,collie,-33.3667,116.15,13.64,81,100,4.46,AU,1670271533
420,lasa,46.6166,10.7002,1.5,93,76,2.87,IT,1670271534
421,forest hill,32.6721,-97.2692,27.05,59,0,7.2,US,1670271534
422,ixtapa,20.7,-105.2,27.57,69,0,3.6,MX,1670271311
423,normandin,48.8333,-72.5321,2.17,75,99,7.72,CA,1670271366
424,pangnirtung,66.1451,-65.7125,-5.0,93,100,9.26,CA,1670271535
425,thurles,52.6819,-7.8022,5.9,92,99,4.43,IE,1670271048
426,mnogovershinnyy,53.9353,139.9242,-23.07,91,60,2.51,RU,1670271078
427,sorong,-0.8833,131.25,25.69,86,100,2.91,ID,1670271536
428,ahuimanu,21.4447,-157.8378,26.59,74,20,0.89,US,1670271128
429,upernavik,72.7868,-56.1549,-2.95,87,33,4.89,GL,1670271536
430,hualmay,-11.0964,-77.6139,21.91,71,10,4.27,PE,1670270944
431,saltillo,25.4167,-101.0,27.38,22,38,1.96,MX,1670271471
432,margate,51.3813,1.3862,7.61,87,100,1.79,GB,1670271537
433,nambucca heads,-30.65,153.0,22.0,57,20,1.79,AU,1670271538
434,charyshskoye,51.3978,83.5598,-16.15,98,100,0.14,RU,1670271538
435,port shepstone,-30.7414,30.455,19.49,69,27,8.91,ZA,1670271539
436,kaeo,-35.1,173.7833,16.92,84,100,2.19,NZ,1670271040
437,nikolayevka,53.1257,47.2041,-14.0,93,17,1.5,RU,1670271540
438,zhigansk,66.7697,123.3711,-28.56,98,100,0.59,RU,1670271035
439,ancud,-41.8697,-73.8203,13.5,96,100,8.42,CL,1670270943
440,sangar,63.9242,127.4739,-29.94,95,100,1.85,RU,1670271540
441,tevaitoa,-16.7833,-151.5,26.54,77,97,8.23,PF,1670271541
442,mokhsogollokh,61.4681,128.9203,-26.39,99,100,1.13,RU,1670271008
443,mehran,33.1222,46.1646,16.01,57,2,0.84,IR,1670271542
444,la palma,33.8464,-118.0467,19.05,64,75,2.57,US,1670271502
445,zhengjiatun,43.5064,123.5064,-10.89,51,0,3.95,CN,1670271543
446,barabinsk,55.3571,78.357,-24.47,96,59,0.71,RU,1670271543
447,aksay,47.26,39.87,-4.86,33,0,8.49,RU,1670271544
448,aleksandrov gay,50.147,48.5704,-9.47,77,19,4.23,RU,1670271544
449,lulea,65.5842,22.1547,0.04,93,100,3.6,SE,1670271545
450,bathsheba,13.2167,-59.5167,28.92,73,20,2.57,BB,1670270985
451,phan thiet,10.9333,108.1,23.88,88,100,2.02,VN,1670271546
452,beian,63.6559,9.5683,5.05,75,75,8.23,NO,1670271546
453,ippy,6.2679,21.2247,26.08,39,17,0.98,CF,1670271546
454,khartoum,15.5518,32.5324,27.23,34,2,0.89,SD,1670271277
455,havelock,34.8791,-76.9013,15.99,75,0,4.63,US,1670271419
456,mezen,65.8522,44.24,-9.48,94,99,4.31,RU,1670271547
457,nantucket,41.2835,-70.0995,9.08,73,8,5.59,US,1670270959
458,muli,2.9167,73.5667,26.64,75,100,1.85,MV,1670271548
459,arlit,18.7369,7.3853,26.86,15,93,3.94,NE,1670271549
460,verkhoyansk,67.5447,133.385,-27.27,99,100,1.14,RU,1670271550
461,broska,45.3733,28.783,3.19,77,100,4.12,UA,1670271550
462,wawa,9.9022,4.4192,28.08,26,21,2.91,NG,1670271551
463,santa isabel,-23.3156,-46.2214,23.84,98,100,1.82,BR,1670271551
464,hamilton,39.1834,-84.5333,9.43,53,100,4.63,US,1670271117
465,broome,42.2506,-75.833,6.72,42,0,4.63,US,1670271552
466,hobyo,5.3505,48.5268,26.79,78,100,7.17,SO,1670271553
467,champerico,14.3,-91.9167,33.3,72,3,2.74,GT,1670271553
468,buchanan,5.8808,-10.0467,25.84,85,99,2.11,LR,1670271553
469,svetlogorsk,52.6333,29.7333,-10.35,88,78,3.87,BY,1670271022
470,uruzgan,32.8333,66.0,6.79,43,96,0.51,AF,1670271554
471,calabozo,8.9242,-67.4293,32.8,39,64,1.05,VE,1670271555
472,litovko,49.2361,135.1742,-18.28,91,32,4.03,RU,1670271556
473,maniitsoq,65.4167,-52.9,2.56,84,100,15.06,GL,1670271029
474,banjar,-8.19,114.9675,25.6,81,100,0.85,ID,1670271556
475,yerofey pavlovich,53.9667,121.9667,-22.18,95,100,1.39,RU,1670271557
476,shirokiy,49.758,129.523,-19.97,94,83,3.34,RU,1670271557
477,pervomayskiy,53.2485,40.2871,-8.04,56,73,2.62,RU,1670271558
478,sheltozero,61.3667,35.3667,-6.5,93,99,5.41,RU,1670271558
479,kochubeyevskoye,44.6442,41.8453,-4.5,83,92,8.98,RU,1670271559
480,sumbe,-11.2061,13.8437,25.3,88,79,4.89,AO,1670271560
481,yulara,-25.2406,130.9889,26.55,17,9,3.58,AU,1670270981
482,omboue,-1.5746,9.2618,26.0,88,100,2.04,GA,1670271561
483,baghdad,33.3406,44.4009,10.95,93,0,0.51,IQ,1670271334
484,klamath falls,42.2249,-121.7817,2.25,88,75,3.6,US,1670271561
485,big rapids,43.6981,-85.4837,5.05,77,100,3.09,US,1670271562
486,krasnoselkup,65.7,82.4667,-4.02,93,100,7.21,RU,1670271562
487,kutum,14.2,24.6667,17.46,21,13,5.67,SD,1670271089
488,kondinskoye,59.6481,67.41,-21.24,100,98,1.97,RU,1670271563
489,rawson,-43.3002,-65.1023,31.39,17,100,9.88,AR,1670271039
490,arsenyev,44.1631,133.2733,-15.43,93,7,1.0,RU,1670271564
491,tshane,-24.0196,21.8684,25.08,15,0,5.16,BW,1670271564
492,carutapera,-1.195,-46.02,27.69,71,100,3.91,BR,1670271565
493,peace river,56.2501,-117.286,-20.83,59,20,5.66,CA,1670271565
494,aras,42.5617,-2.356,5.98,93,100,2.57,ES,1670271566
495,wangaratta,-36.3667,146.3333,12.31,86,13,1.99,AU,1670271566
496,carauari,-4.8828,-66.8958,29.08,73,100,0.53,BR,1670271567
497,changqing,36.5575,116.7272,-0.48,42,0,2.28,CN,1670271567
498,chagoda,59.164,35.3285,-8.26,93,100,2.64,RU,1670271568
499,gamba,-2.65,10.0,25.52,91,97,2.26,GA,1670271568
500,sibolga,1.7427,98.7792,23.59,90,100,1.4,ID,1670271569
501,chauk,20.8833,94.8167,22.46,65,10,1.33,MM,1670271569
502,lucea,18.451,-78.1736,28.25,61,4,7.99,JM,1670271570
503,taltal,-25.4,-70.4833,20.4,66,23,2.65,CL,1670271570
504,belmonte,-15.8631,-38.8828,24.43,79,100,3.26,BR,1670271571
505,atar,20.5169,-13.0499,24.81,18,0,1.68,MR,1670271572
506,saint-augustin,51.226,-58.6502,-5.32,82,5,2.21,CA,1670271001
507,north bend,43.4065,-124.2243,10.65,92,40,1.54,US,1670271572
508,ola,59.5833,151.2833,-24.5,93,35,3.57,RU,1670271573
509,codrington,-38.2667,141.9667,11.61,73,9,5.16,AU,1670271033
510,talavera de la reina,39.9635,-4.8308,9.65,96,100,2.79,ES,1670271574
511,sirjan,29.452,55.6814,10.56,60,50,1.22,IR,1670271574
512,antalaha,-14.9003,50.2788,24.31,79,38,3.75,MG,1670271450
513,mackay,-21.15,149.2,20.93,80,0,2.88,AU,1670271575
514,ghotki,28.006,69.3161,17.89,27,0,1.52,PK,1670271575
515,amboise,47.4125,0.9827,5.3,86,100,2.06,FR,1670271405
516,lukovetskiy,64.2956,41.9211,-8.35,94,100,3.78,RU,1670271576
517,obo,5.3998,26.4869,24.71,52,80,1.54,CF,1670271577
518,somotillo,13.0433,-86.9064,34.08,40,13,3.01,NI,1670271577
519,tautira,-17.7333,-149.15,25.74,79,53,6.98,PF,1670271034
520,sterlibashevo,53.4376,55.2578,-20.91,100,93,0.68,RU,1670271578
521,barcelos,41.5388,-8.6151,13.08,85,100,2.26,PT,1670271578
522,upington,-28.4478,21.2561,21.53,13,78,3.23,ZA,1670270993
523,kiunga,-6.1219,141.2906,22.39,99,100,0.82,PG,1670271016
524,ulefoss,59.2838,9.2646,-5.75,94,11,1.22,NO,1670271580
525,portland,45.5234,-122.6762,6.86,79,20,2.24,US,1670271344
526,mastic beach,40.7668,-72.8521,9.43,66,0,3.58,US,1670271580
527,bodden town,19.2833,-81.25,29.0,67,40,6.69,KY,1670271581
528,salalah,17.0151,54.0924,24.05,57,0,2.06,OM,1670271581
529,rehoboth,-23.3167,17.0833,22.32,11,0,5.02,NA,1670271582
530,kuldur,49.2167,131.6333,-22.86,100,99,0.89,RU,1670271582
531,sao miguel do iguacu,-25.3481,-54.2378,31.69,55,3,1.61,BR,1670271583
532,adrar,20.5022,-10.0711,24.98,22,6,1.3,MR,1670271583
533,saint-francois,46.4154,3.9054,-0.18,93,20,0.0,FR,1670271584
534,ambon,-3.6954,128.1814,25.13,15,40,3.6,ID,1670271059
535,saint-georges,12.0564,-61.7485,27.82,69,20,3.6,GD,1670271585
536,beringovskiy,63.05,179.3167,-0.14,98,100,17.06,RU,1670271585
537,maningrida,-12.0667,134.2667,26.96,69,95,1.14,AU,1670271586
538,xuddur,4.1213,43.8894,25.76,43,94,3.87,SO,1670271586
539,tonj,7.2737,28.6822,28.14,32,30,1.87,SS,1670271587
540,pryazha,61.6926,33.6216,-3.43,94,100,3.21,RU,1670271587
541,virginia beach,36.8529,-75.978,12.79,65,75,3.09,US,1670271407
542,albania,41.0,20.0,11.49,76,10,1.64,AL,1670271510
543,merauke,-8.4667,140.3333,24.89,87,95,3.78,ID,1670271588
544,olga,43.7444,135.2892,-13.93,81,3,1.89,RU,1670271589
545,mayya,61.7333,130.2811,-38.38,99,100,1.02,RU,1670271589
546,poum,-20.2333,164.0167,26.58,83,100,6.25,NC,1670271057
547,kincardine,56.0667,-3.7167,4.99,84,99,1.38,GB,1670271590
548,kattivakkam,13.2167,80.3167,28.05,76,76,4.45,IN,1670271590
549,vila franca do campo,37.7167,-25.4333,16.78,82,72,5.87,PT,1670270991
550,hangu,39.2489,117.7892,-6.98,38,0,3.45,CN,1670271591
551,manica,49.0,-1.1667,1.2,95,95,2.14,FR,1670271592
552,fort nelson,58.8053,-122.7002,-20.03,58,74,1.79,CA,1670270728
553,komsomolskiy,40.4272,71.7189,-0.6,86,100,4.12,UZ,1670271500
554,sao francisco de assis,-29.5503,-55.1311,32.55,35,0,6.19,BR,1670271593
555,alugan,12.2188,125.4808,26.13,77,100,3.9,PH,1670271593
556,moranbah,-22.0016,148.0466,21.76,75,0,2.87,AU,1670271594
557,abu samrah,35.3029,37.1841,12.65,69,3,2.0,SY,1670271594
558,andenes,69.3143,16.1194,3.29,93,75,8.75,NO,1670271595
559,samana,19.2056,-69.3369,29.12,70,40,3.09,DO,1670271595
560,namibe,-15.1961,12.1522,21.57,77,13,2.53,AO,1670271065
561,dongsheng,39.8161,109.9776,-9.17,45,1,2.97,CN,1670271596
562,buluang,13.3068,123.3425,23.57,94,96,1.38,PH,1670271596
563,russell,32.3502,-85.1999,20.66,64,20,2.57,US,1670271324
564,rodrigues alves,-7.738,-72.6509,33.11,45,77,0.78,BR,1670271597
565,luderitz,-26.6481,15.1594,16.64,67,3,10.34,NA,1670271598
566,nizwa,22.9333,57.5333,19.32,63,0,0.96,OM,1670271598
567,mamallapuram,12.6264,80.1722,28.03,74,99,4.52,IN,1670270999
568,el alto,-4.2714,-81.2147,24.81,67,20,6.32,PE,1670271599
569,eirunepe,-6.6603,-69.8736,30.8,59,83,0.78,BR,1670271600
570,dicabisagan,17.0818,122.4157,24.22,92,100,3.16,PH,1670271600
571,khiri mat,16.8333,99.8,23.74,84,77,0.65,TH,1670271601
572,ginir,7.1333,40.7,14.08,35,12,2.38,ET,1670271601
573,gornopravdinsk,60.05,69.9,-21.58,100,100,1.32,RU,1670271602
574,richards bay,-28.783,32.0377,21.35,81,100,6.43,ZA,1670271014
575,jimenez,28.3333,-105.4,28.01,24,80,4.93,MX,1670271454
